"Artikelname";"Artikelnummer";"GTIN";
"DVD RW+- S-ATA Laufwerk/Brenner";"1018";;
"Xilence A250PWM AMD-Prozessor - Luftkühler - XC035";"1079";"4044953500770";
"1TB S-ATA III HDD Festplatte";"1095";;
"Nvidia GeForce GT 1030 2GB";"10724-a";;
"Maus und Tastatur Set - Kabelgebunden - 88884075";"101045-a";"4260455643573";
"150 Mbit/s W-Lan USB Stick";"101054";;
"300 Mbit/s W-Lan USB Stick";"101055";;
"Creative Labs Creative Sound Blaster Audigy RX";"101059";"5390660187247";
"Logitech MK270 Wireless Tastatur u. Maus Set";"101061";"5099206039179";
"Logitech Headset H110 Logitech";"101062";"5099206022423";
"Logitech Maus Optisch";"101064";"5099206041271";
"Logitech Tastatur K120 USB Schwarz";"101065";"5099206021358";
"Nvidia GeForce GT 710 2GB";"101075-a";;
"2TB S-ATA III HDD Festplatte";"101100";;
"BluRay Brenner S-ATA";"101101";"0884938243308";
"USB Bluetooth Stick";"101113";;
"Patch-Kabel - RJ-45 (M), RJ-45 (M), 30 m";"101311";;
"400Watt Xilence XP400 Performance C - XN051";"101312";"4044953500350";
"Creative Labs Creative Sound Blaster Audigy Fx - Soundkarte";"101571";"5390660184635";
"Logitech Gaming Maus G502 LIGHTSPEED - 11 Tasten - kabellos";"101618";"5099206082090";
"150 Mbit/s W-Lan PCI Express";"101744";;
"300 Mbit/s W-Lan PCI Express";"101745";;
"Xilence I250PWM - Intel Kühler - XC032";"101761";"4044953500756";
"256GB SSD S-ATA III";"101820";"5908267923443";
"500GB SSD S-ATA III Samsung 870 EVO MZ-77E500";"101861";"8806090545924";
"TP-LINK TG-3468 - PCI-Express Netzwerkkarte";"101879";"6935364001049";
"Monitor Stromkabel";"101880";;
"VGA Kabel 2m";"101881";;
"Windows 10 64Bit Pro. Gutschein (siehe Zubehör).";"WIN-101894";"0885370920857";
"500Watt Xilence XP500 Performance C - XN052";"101973";"4044953500367";
"Xilence A404T Kühler - AM4 - XC040";"102149";"4044953501173";
"1TB SSD S-ATA III";"102286";;
"Equip High Speed - HDMI-Kabel 2m";"102308";"4015867186435";
"512GB SSD S-ATA III";"102475";;
"256GB M.2 SSD (SATA)";"102485";;
"512GB M.2 SSD (SATA)";"102486";"4251538809054";
"1TB M.2 SSD (SATA)";"102487";;
"AMD Ryzen 5 3400G - 4x 3.7GHz (Turbotakt bis 4.2GHz) RX Vega 11";"102528";"0730143309837";
"USB Bluetooth + WLAN Stick Beigabe - 88883048";"102554";;
"16GB DDR4 3200MHz Corsair Vengeance LPX schwarz Kit, CL16";"102595";"840006608530";
"Kein DVD-Laufwerk";"102612";;
"32GB DDR4 3200MHz Corsair Vengeance LPX schwarz Kit CL16";"102649";"840006608547";
"Logitech Z-313 - Lautsprechersystem - für PC - 2.1-Kanal - 25 Watt";"102654";"5099206022898";
"Logitech HD Webcam C270 - Web-Kamera - Farbe";"102656";"5099206064201";
"250GB M.2 SSD (SATA) Samsung 860 EVO MZ-N6E250BW";"102667";"8801643068684";
"Nitrox NK-2000ME - mechanische Gaming-Tastatur RGB - 88884100";"102712";"4260455644822";
"Y-Kabel 4 Pin PWM auf 3 x 4 PIN PWM 30 cm schwarz";"102723";;
"1TB M.2 SSD (NVMe) Samsung 970 EVO Plus - MZ-V7S1T0BW";"102744";"8801643628086";
"Xilence I404T Intel Prozessor - Luftkühler XC041";"102745";"4044953501180";
"16GB DDR4 3600MHz G.Skill Trident Z Neo CL16 2x8GB";"102767";"4713294223449";
"32GB DDR4 3600MHz G.Skill Trident Z Neo CL16 2x16GB";"102768";"4713294223463";
"16GB DDR4 3200MHz G.Skill Trident Z Neo CL16 2x8GB";"102769";"4713294223289";
"32GB DDR4 3200MHz G.Skill Trident Z Neo CL16 2x16GB";"102770";"4713294223302";
"16GB DDR4 3200MHz Corsair Dominator Platinum RGB 2 x 8 GB";"102779";"0840006607304";
"Integrierte Grafikkarte";"102809";;
"8GB DDR4 3200MHz (1x8GB)";"102868";;
"16GB DDR4 3200MHz (1x16GB)";"102869";;
"ASUS PCE-AX3000 - Netzwerkadapter - PCIe - Bluetooth 5.0, 802.11ax (Wi-Fi 6)";"102870";"4718017516396";
"Logitech Tastatur K120 USB Weiß";"102882";"5099206031753";
"Asus Prime B550M-A - micro ATX - AM4";"102886";"4718017755528";
"Asus Prime B550M-K - micro ATX - AM4";"102887";"4718017758284";
"DVD-Brenner Slim extern USB2.0 DVD-RW, DVD-RAM";"102891";"8806087132199";
"Asus Prime B550-PLUS - AM4";"102892";"4718017782340";
"Kaltgeräte-Anschlusskabel Stromkabel 2m schwarz";"102893";;
"256GB M.2 SSD (NVMe)";"102894";;
"512GB M.2 SSD (NVMe)";"102895";;
"1TB M.2 SSD (NVMe)";"102896";;
"32GB DDR4 3200MHz (2x16GB - Dual Channel)";"102899";;
"ASUS PRIME A520M-K - AM4";"102900";"4718017826921";
"16GB DDR4 3200MHz (2x8GB - Dual Channel)";"102909";;
"64GB DDR4 3200MHz (4x16GB)";"102910";;
"AMD Ryzen 7 5800X - 8x 3.8GHz (Turbotakt bis 4.7GHz)";"102934";"730143312714";
"AMD Ryzen 5 5600X - 6x 3.7GHz (Turbotakt bis 4.6GHz)";"102935";"3540260185668";
"G DATA Internet Security (Kostenfreie 180-Tage-Lizenz)";"102945";;
"Oster Paket G DATA Internet Security USB Bluetooth + WLAN Stick + 128GB USB 3.1 Stick";"102946";;
"Logitech HD Pro Webcam C920";"102975";"5099206061309";
"Nvidia GeForce RTX 3060 12GB GDDR6";"103002";;
"Gigabyte A520 AORUS ELITE - AM4";"103076";"4719331809812";
"32GB DDR4 3200MHz Corsair Vengeance LPX DIMM Kit CL16 Weiß";"103080";"0840006643333";
"32GB DDR4 3200MHz Corsair Vengeance RGB PRO SL 2 x 16 GB Weiß";"103096";"0840006632108";
"Gigabyte B550M DS3H Ultra Durable - AM4";"103106";"4719331809416";
"Grafikkartenhalter GPU/ DA-GAB / Motherboard";"103107";;
"1TB M.2 SSD (NVMe) Samsung 980 - MZ-V8V1T0BW";"103110";"8806090572210";
"250GB SSD S-ATA III Samsung 870 EVO MZ-77E250B";"103111";"8806090545931";
"1TB SSD S-ATA III Samsung 870 EVO MZ-77E1T0B";"103112";"8806090545917";
"AMD Ryzen 7 5700G - 8x 3.8GHz (Turbotakt bis 4.6GHz) Vega 8";"103125";;
"120x120 Gehäuselüfter - Neutral";"103127";;
"2TB M.2 SSD (SATA)";"103128";;
"2TB SSD S-ATA III";"103129";;
"keine Auswahl";"103130";;
"2TB M.2 SSD (NVMe)";"103133";;
"Intel Core i9-12900K - 8x 3.20GHz + 8x 2.40GHz (Turbotakt bis 5.2GHz)";"103141";"5032037234641";
"Gigabyte Z690 Gaming X DDR4 1.0 - LGA1700";"103160";"4719331827632";
"ASUS ROG STRIX Z690-A GAMING WIFI DDR4 - LGA1700";"103162";"4711081446460";
"Intel Core i7-12700K - 8x 3.60GHz + 4x 2.70GHz (Turbotakt bis 5.0GHz)";"103166";"5032037233989";
"Intel Core i5-12600K - 6x 3.70GHz + 4x 2.80GHz (Turbotakt bis 4.9GHz)";"103167";"5032037234108";
"Gigabyte A520M-S2H - AM4";"103188";"4719331809720";
"Nvidia GeForce RTX 3050 8GB GDDR6";"103216";"4719331310721";
"Intel Core i5-12400 - 6x 2.50GHz (Turbotakt bis 4.4GHz)";"103219";"5032037237741";
"Windows 11 64Bit Pro. Gutschein (siehe Zubehör).";"WIN-103220";;
"Gigabyte H610M S2H V2 DDR4 - LGA1700";"103222";"4719331851958";
"AMD Radeon RX 6500 XT 4GB";"103223";"4719331310561";
"Nvidia Quadro P1000 4GB GDDR5";"103227";"3536403375706";
"Intel Core i9-12900KF - 8x 3.20GHz + 8x 2.40GHz (Turbotakt bis 5.2GHz)";"103233";"5032037234221";
"Intel Core i9-12900F - 8x 2.40GHz + 8x 1.80GHz (Turbotakt bis 5.1GHz)";"103234";;
"Intel Core i3-12300 - 4x 3.50GHz (Turbotakt bis 4.4GHz)";"103235";;
"Intel Core i5-12500 - 6x 3.00GHz (Turbotakt bis 4.6GHz)";"103236";"5032037238564";
"Intel Core i5-12600 - 6x 3.30GHz (Turbotakt bis 4.8GHz)";"103237";"5032037238540";
"Intel Core i5-12600KF - 6x 3.70GHz + 4x 2.80GHz (Turbotakt bis 4.9GHz)";"103238";"5032037234115";
"Intel Core i5-12400F - 6x 2.50GHz (Turbotakt bis 4.4GHz)";"103239";"5032037237758";
"Intel Core i7-12700 - 8x 2.10GHz + 4x 1.60GHz (Turbotakt bis 4.9GHz)";"103240";"5032037237840";
"Intel Core i7-12700KF - 8x 3.60GHz + 4x 2.70GHz (Turbotakt bis 5.0GHz)";"103241";"5032037234047";
"Intel Core i3-12100 - 4x 3.30GHz (Turbotakt bis 4.3GHz)";"103242";"5032037238458";
"AMD Ryzen 9 5950X - 16x3.4GHz (Turbotakt bis 4.9GHz)";"103243";"0730143312745";
"32GB DDR4 3200MHz (4x8GB - Quad Channel)";"103244";;
"Fan Set Argus RS-07 3x120mm RGB 88885537";"103245";;
"Asus ROG Sheath Gaming Mauspad schwarz/rot";"103246";;
"ASUS PRIME B660-PLUS D4 DDR4 - LGA1700";"103249";"4711081523017";
"Intel NUC Mini PC Intel Core i3-1115G4 2x3,0GHz (4,10GHz Turbo) - Intel UHD Graphics - NUC11PAHi3";"103259";"5032037202404";
"Intel NUC Mini PC Intel Core i5-1135G7 2x2,4GHz (4,20GHz Turbo) - Intel Iris Xe Graphics - NUC11PAHi50Z02";"103260";"5032037242752";
"Intel NUC Mini PC Intel Pentium Silver J5005 4x1,5GHz (2,80GHz Turbo) - UHD-Grafik 605 - NUC7PJYHN";"103261";"5032037220781";
"Intel NUC Mini PC Intel Core i7-1165G7 4x2,8GHz (4,70GHz Turbo) - Intel Iris Xe Graphics - NUC11PAHi7";"103262";"5032037202688";
"500GB M.2 SSD (NVMe) Samsung 980 - MZ-V8V500BW";"103270";"8806090572227";
"AMD Ryzen 5 4500 - 6x 3.6GHz (Turbotakt bis 4.1GHz)";"103276";;
"AMD Ryzen 3 4100 - 4x 3.8GHz (Turbotakt bis 4.0GHz)";"103277";"0730143314060";
"AMD Ryzen 5 5500 - 6x 3.6GHz (Turbotakt bis 4.2GHz)";"103280";"0730143314121";
"Norton 360 Deluxe Karte für 1 Jahr & 3 Geräte";"103282";"5397231015244";
"Norton 360  für 1 Jahr & 3 Geräte";"103283";"5397231015251";
"Intel Core i7-12700F - 8x 2.10GHz + 4x 1.60GHz (Turbotakt bis 4.9GHz)";"103286";"0675901979139";
"Intel Core i3-12100F - 4x 3.30GHz (Turbotakt bis 4.3GHz)";"103287";"5606628868623";
"1000W Gigabyte UD1000GM PG5 ATX 2.31 PCIe 5.0 80+ Gold";"103300";"4719331552275";
"Xilence M704 Prozessor - Luftkühler XC051";"103303";"4044953501340";
"4TB S-ATA III HDD Festplatte";"103305";;
"Logitech Gaming Headset G432 - Headset - 7.1-Kanal";"103309";"5099206082410";
"Logitech Webcam C925e - Web-Kamera - Farbe - 1920 x 1080";"103313";"5099206064027";
"Logitech Gaming Maus G502 (Hero)";"103315";"5099206080270";
"64GB DDR4 3200MHz Corsair Vengeance LPX schwarz DIMM Kit CL16";"103317";"840006619208";
"AVM FRITZ! WLAN Stick AC 860 - Netzwerkadapter USB Stick";"103318";"4023125026874";
"Microsoft Office 2021 Home & Student | 1 User";"103319";"8806189409250";
"Microsoft Office 2021 Home & Business | 1 User";"103320";"889842822489";
"Microsoft Office 365 Single | 1 User, 1 Jahr";"103321";"4255809918346
 ";
"1TB Samsung T7 MU-PC1T0T - SSD - USB 3.2 Gen 2";"103323";"8806090351679";
"2TB Samsung T7 MU-PC2T0T - SSD - USB 3.2 Gen 2";"103324";"8806090312380";
"Logitech Gaming G840 XL - Mauspad";"103325";"5099206074569";
"Elgato Stream Deck Mini - Tastenfeld";"103326";"813180020658";
"Elgato Stream Deck - Tastenfeld";"103327";"0840006640554";
"Elgato Stream Deck XL - Tastenfeld";"103328";"0840006610373";
"Elgato Cam Link - Videoaufnahmeadapter - USB 3.0";"103329";"0761973693032";
"Elgato Game Capture HD 60 S+ - Videoaufnahmeadapter - USB-C";"103330";"0840006609292";
"3 Jahre Garantie & 30 Tage Rückgaberecht";"103332";;
"4 Jahre Garantie & 30 Tage Rückgaberecht";"103333";;
"5 Jahre Garantie & 30 Tage Rückgaberecht";"103334";;
"keine Auswahl";"103335";;
"LogiLink DisplayPort 1.2 Kabel - 2m";"103336";"4052792063561";
"Sealed Air Instapak Quick RT 20";"103337";;
"Asus ROG STRIX B550-A GAMING AMD B550";"103338";"4718017826594";
"32GB DDR4 3600MHz Corsair Vengeance LPX schwarz DIMM Kit CL18";"103340";"840006618676";
"16GB DDR4 3600MHz Corsair Vengeance LPX schwarz Kit CL18";"103341";"0843591082006";
"32GB DDR4 3600MHz Corsair Vengeance RGB PRO CL18 (2x16GB)";"103342";"840006621003";
"16GB DDR4 3600MHz Corsair Vengeance RGB PRO CL18 (2x8GB)";"103343";"840006614852";
"16GB DDR4 3600MHz Corsair Vengeance RGB PRO SL CL18 (2x8GB)";"103344";"0840006632047";
"32GB DDR4 3600MHz Corsair Vengeance RGB PRO SL CL18 (2x16GB)";"103345";"840006632078";
"16GB DDR4 4000MHz Corsair Vengeance LPX schwarz DIMM Kit CL19";"103347";"840006617693";
"32GB DDR4 4000MHz Corsair Vengeance LPX schwarz DIMM Kit CL19";"103348";"840006636885";
"16GB DDR4 3600MHz Corsair Vengeance RGB PRO SL CL18 (2x8GB) Weiß";"103349";"840006631996";
"32GB DDR4 3600MHz Corsair Vengeance RGB PRO SL CL18 (2x16GB) Weiß";"103350";"840006632085";
"Gigabyte B550 Gaming X V2 - AM4";"103356";"4719331810702";
"1TB M.2 SSD (NVMe) Kingston NV2 - M.2 2280 - PCIe 4.0 x4";"103364";"0740617329919";
"512GB SSD S-ATA III Kingston KC600";"103367";"740617300253";
"1TB SSD S-ATA III Kingston KC600";"103368";"740617300116";
"MSI Agility GD70 - Mauspad";"103370";"4719072602338";
"MSI Agility GD60 - Mauspad";"103371";"4719072654283";
"MSI Vigor GK30 combo - Tastatur und Maus Set - Schwarz";"103374";"4719072648053";
"MSI Vigor GK30 combo - Tastatur und Maus Set - Weiss";"103375";"4719072813925";
"AMD Ryzen 7 5700X - 8x 3.4GHz (Turbotakt bis 4.6GHz)";"103395";"3540260200828";
"AMD Radeon RX 6400 4GB";"103400";;
"16GB DDR4 3200MHz CL 16 PATRIOT Viper 4 Blackout Serie KIT 2x8GB";"103402";"814914026144";
"AMD Ryzen 5 7600X - 6x 4.7GHz (Turbotakt bis 5.3GHz)";"103407";"730143314442";
"AMD Ryzen 7 7700X - 8x 4.5GHz (Turbotakt bis 5.4GHz)";"103408";"730143314428";
"AMD Ryzen 9 7900X - 12x 4.7GHz (Turbotakt bis 5.6GHz)";"103410";"730143314558";
"32GB DDR5-5200 Kingston FURY Beast CL40 (40-40-40) 2x16GB Kit";"103415";"740617324358";
"Gigabyte X670 AORUS ELITE AX - AM5";"103417";"4719331848798";
"MSI MAG B550 TOMAHAWK - AM4";"103425";"4719072728625";
"MSI B550-A PRO - AM4";"103426";"4719072733667";
"MSI PRO Z690-P DDR4 - LGA1700";"103429";"4719072886639";
"16GB DDR5-5200 Kingston FURY Beast CL40 (40-40-40) 2x8GB Kit";"103446";"740617325959";
"AMD Ryzen 5 5600 - 6x 3.5GHz (Turbotakt bis 4.4GHz)";"103450";"4260751595590";
"32GB DDR5-5200 Kingston FURY Beast CL40 (40-40-40) 4x8GB";"103455";"740617325959";
"Intel Core i5-13600K - 6x 3.50GHz + 8x 2.60GHz (Turbotakt bis 5.1GHz)";"103456";"5032037258746";
"Intel Core i5-13600KF - 6x 3.50GHz + 8x 2.60GHz (Turbotakt bis 5.1GHz)";"103457";"5032037258760";
"Intel Core i7-13700K - 8x 3.40GHz + 8x 2.50GHz (Turbotakt bis 5.4GHz)";"103458";"5032037258708";
"Intel Core i7-13700KF - 8x 3.40GHz + 8x 2.50GHz (Turbotakt bis 5.4GHz)";"103459";"5032037258715";
"Intel Core i9-13900K - 8x 3.00GHz + 16x 2.20GHz (Turbotakt bis 5.8GHz)";"103460";"5032037258647";
"Intel Core i9-13900KF - 8x 3.00GHz + 16x 2.20GHz (Turbotakt bis 5.8GHz)";"103461";"5032037258623";
"8GB DDR5 5600MHz";"103467";;
"1TB M.2 SSD (NVMe) PCIe 4.0 Samsung 980 PRO - MZ-V8P1T0BW";"103397";"8806090295546";
"Logitech Headset H340 Logitech USB";"105000";"5099206038844";
"Gigabyte B650M GAMING X AX - AM5";"105002";"4719331849993";
"ASUS TUF GAMING B650-PLUS WIFI - AMD AM5 - DDR5";"105003";"4711081912651";
"ASUS ROG STRIX X670E-E GAMING WIFI - AM5";"105004";"4711081891703";
"16GB DDR5 5600MHz (2x8GB)";"105005";;
"32GB DDR5 5600MHz (4x8GB) Patriot-Kit";"106002";;
"128GB Kingston DataTraveler Exodia M - USB 3.2 Gen 1";"106003";"0740617326376";
"AMD Radeon RX 7900 XTX 24GB GDDR6";"106004";;
"AMD Radeon RX 7900 XT 20GB GDDR6";"106005";;
"ASUS Nvidia GeForce RTX 3050 8GB GDDR6";"106007";"4711081815457";
"ASUS Nvidia GeForce RTX 3060 12GB GDDR6";"106008";"4711081309925";
"ASUS ProArt B660-CREATOR D4  DDR4 - LGA1700";"106012";"4711081518518";
"AMD Ryzen 9 7950X - 16x 4.5GHz (Turbotakt bis 5.7GHz)";"106014";"0730143314534";
"Gigabyte B550M AORUS ELITE - AM4";"106015";"4719331809546";
"Gigabyte B650M DS3H - AM5";"106020";"4719331849825";
"ASRock Z790 PG Lightning DDR5 - LGA1700";"106021";"4710483940965";
"8GB DDR4 3600MHz Team Group T-Force Vulcan Z - DDR4 (1x8GB)";"106024";"0765441652156";
"16GB DDR4 3600MHz Team Group T-Force Vulcan Z - DDR4 (2x8GB)";"106029";;
"AMD Ryzen 9 7900 - 12x 3.7GHz (Turbotakt bis 5.4GHz)";"106030";"0730143314466";
"AMD Ryzen 7 7700 - 8x 3.8GHz (Turbotakt bis 5.3GHz)";"106031";;
"16GB DDR5 5600 MHz 1x16GB";"106034";;
"32GB DDR5 5600 MHz 2x16GB";"106035";;
"Intel NUC Mini PC Intel Core i7-1165G7 4x2,8GHz (4,70GHz Turbo) - Intel Iris Xe Graphics - NUC11PAHi70Z";"106037";"5032037242691";
"Intel NUC Mini PC Intel Core i3-1115G4 2x3,0GHz (4,10GHz Turbo) - Intel UHD Graphics - NUC11TNHi30Z";"106038";"5032037239301";
"16GB DDR5 5600MHz Patriot Viper Venom (2x8GB) Kit";"106046";"0814914029749";
"AMD Ryzen 7 7800X3D - 8x 4.2GHz (Turbotakt bis 5.0GHz)";"106049";;
"LogiLink Befestigungskit - für 3 LCD-Anzeigen";"106055";;
"Gigabyte B760 Gaming X DDR4 - LGA1700";"106058";"4719331850906";
"Gigabyte B760 Gaming X AX DDR4 - LGA1700";"106059";"4719331850852";
"16GB DDR4 3600MHz Team Group T-Force Vulcan Z - DDR4 (1x16GB)";"106066";"0765441656840";
"Gigabyte B760 DS3H DDR4 - LGA1700";"106074";"4719331850746";
"1TB M.2 SSD (NVMe) Samsung 990 PRO - MZ-V9P1T0BW";"106079";"8806094215021";
"InLine Strom Verlängerung intern, 2x4pol Stecker zu 8pol Buchse, Mainboard, 0,3m 26630A";"106085";"4043718118847";
"32GB DDR5-5200 Corsair Vengeance 2x16GB weiß";"106091";"0840006662846";
"32GB DDR5-5200 Corsair Vengeance RGB 2x16GB weiß";"106092";"0840006694670";
"850W Gigabyte UD850GM 80+ Gold";"106093";"4719331552541";
"Gigabyte Z790 AORUS ELITE DDR4 - LGA1700";"106094";"4719331849948";
"750W Gigabyte UD750GM 80+ Gold Modular";"106096";"4719331552671";
"Gigabyte Z790 AORUS ELITE AX DDR5 - LGA1700";"106098";"4719331849467";
"32GB DDR5-6000 Kingston FURY Beast RGB CL36 - Kit - 2 x 16 GB";"106099";"740617330731";
"Intel NUC Mini PC Intel Core i7-1185G7 4x3,0GHz (4,80GHz Turbo) - Intel Iris Xe Graphics - NUC11TNKv7";"106100";"5032037204798";
"MSI A520M-A PRO - AM4";"106101";"4719072749927";
"64GB Kingston DataTraveler Exodia - USB 3.2 Gen 1";"106103";"0740617309829";
"Oster Paket";"106104";"4251951699942";
"16GB DDR4 3600MHz Patriot Viper 4 Blackout";"106118";"0814914027509";
"32GB DDR5 5600 MHz Patriot Kit2x16 Viper Venom CL36";"106119";"0814914029558";
"32GB DDR4 3200MHz Kingston FURY CL16 2x16GB";"106120";"0740617319842";
"32GB DDR5-6000 CL38 Team Group T-Force DELTA RGB Kit - 2 x 16 GB - Weiß";"106134";"0765441659629";
"1000W Gigabyte UD1000GM 80+ Gold";"106137";"4719331552411";
"NZXT T120 - Prozessor - Luftkühler Weiß";"106140";"5056547200187";
"NZXT T120 RGB - Prozessor - Luftkühler Weiß";"106141";"5056547200200";
"Enermax ETS-T50 AXE ARGB - Prozessor - Luftkühler Weiß";"106142";"4713157724205";
"AMD Radeon RX 7600 8GB GDDR6";"106145";;
"Intel Core i5-13400 - 6x 2.50GHz + 4x 1.80GHz (Turbotakt bis 4.6GHz)";"106146";"5032037260275";
"Intel Core i5-13400F - 6x 2.50GHz + 4x 1.80GHz (Turbotakt bis 4.6GHz)";"106147";"5032037260299";
"Gigabyte Z790 UD DDR5 - LGA1700";"106151";"4719331850364";
"ASUS PRIME X670-P - AM5 - DDR5";"106152";"4711081892816";
"Systemtreff Sleeved Cable Kit Weiss 30cm ATX EPS PCI-E";"106154";;
"Systemtreff Sleeved Cable Kit Schwarz 30cm ATX EPS PCI-E";"106155";;
"Systemtreff Sleeved Cable Verlängerung Weiss PCIe 5.0 Stecker auf 3X PCIE 8 PIN";"106156";;
"Systemtreff Sleeved Cable Verlängerung Schwarz PCIe 5.0 Stecker auf 3X PCIE 8 PIN";"106157";;
"Samsung Odyssey G3 S27AG304NR - G30A Series - LED-Monitor - Gaming - 68 cm (27"")";"106159";"8806094672244";
"64GB DDR5-5200 Kingston FURY Beast Kit CL40 4x16GB";"106166";;
"Intel Core i7-13700F - 8x 2.10GHz + 8x 1.50GHz (Turbotakt bis 5.2GHz)";"106167";;
"Windows 11 64Bit Pro. Gutschein Französisch";"WIN-106169";;
"Intel Core i3-13100 - 4x 3.40GHz (Turbotakt bis 4.5GHz)";"106179";"5032037260312";
"Intel Core i3-13100F - 4x 3.40GHz (Turbotakt bis 4.5GHz)";"106180";"8592978422332";
"Intel Core i5-13500 - 6x 2.50GHz + 8x 1.80GHz (Turbotakt bis 4.8GHz)";"106181";"5032037260251";
"SanDisk Blade 32 GB, USB-Stick";"106182";"0619659069193";
"650W MSI MAG A650BN 80+ Bronze";"106183";"4719072849627";
"1TB M.2 SSD (NVMe) MSI Spatium M450 PCIe 4.0";"106184";"4711377022484";
"2TB M.2 SSD (NVMe) Kingston NV2";"106186";"0740617329971";
"ASUS TUF GAMING A620M-PLUS - AM5";"106188";"4711387164303";
"NZXT H9 Flow - Midi Tower weiß";"106189";"5056547202419";
"LogiLink ID0185 - Gaming-Set RGB  - Tastatur und Maus Set - Schwarz";"106190";"4052792053050";
"32GB DDR5-6000 CL36 Corsair Vengeance Kit 2 x 16 GB";"106195";"0840006659693";
"Xilence 120mm LED Gehäuselüfter Weiß XPF120.W.ARGB";"106197";"4044953502958";
"Xilence Cooling Controll Set LQZ.ARGB_SET";"106198";"4044953502583";
"AMD Ryzen 5 7500F - 6x 3.7GHz (Turbotakt bis 5.0GHz)";"106201";"8592978468668";
"64GB DDR5-6000 CL36 Kingston FURY Beast Dual Kit 2x32GB schwarz";"106203";"0740617331707";
"Systemtreff Midi Tower Equinox-Air ST-502 Schwarz";"106204";"4251951699805";
"Systemtreff Gaming Tastatur + Maus RGB Set ST-901";"106207";"4251951699829";
"AMD Radeon RX 7800 XT 16GB GDDR6";"106209";;
"AMD Radeon RX 7700 XT 12GB GDDR6";"106210";"4713436174967";
"ASUS PRIME X670-P WIFI - AM5 - DDR5";"106223";"4711081884583";
"MSI B650 GAMING Plus WIFI DDR5 - AM5";"106224";"4711377098052";
"MSI PRO Z790-P WIFI DDR5 - LGA1700";"106225";"4711377015738";
"Gigabyte B760 AORUS Elite AX | Intel B760 - LGA1700";"106229";"4719331851750";
"ASUS TUF B760-Plus WIFI | Intel B760 DDR5 - LGA1700";"106230";"4711387095119";
"ASUS ROG STRIX B760-A GAMING WIFI DDR5 - LGA1700";"106231";"4711387114063";
"MSI B760 Gaming Plus WiFi DDR5 | Intel B760 - LGA1700";"106232";"4711377086561";
"ASUS Prime Z790-P WIFI | Intel Z790 - LGA1700";"106233";"4711081937227";
"ASUS TUF Gaming Z790-Plus WIFI D5 | Intel Z790 - LGA1700";"106234";"4711387014509";
"MSI MPG Z790 Carbon WIFI DDR5 | Intel Z790 - LGA1700";"106236";"4711377012881";
"MSI MAG B650 Tomahawk WIFI | AMD B650 - AM5";"106237";"4711377010153";
"MSI MPG B650 Edge WIFI | AMD B650 - AM5";"106238";"4711377010191";
"ASUS Prime B650-Plus | AMD B650 - DDR5 AM5";"106240";"4711081923381";
"ASUS ROG Strix B650E-F Gaming WIFI | AMD B650 - AM5";"106241";"4711081944034";
"ASUS ROG Strix B650-A Gaming WIFI | AMD B650 - AM5";"106242";"4711081917762";
"ASUS ROG Strix B650E-E Gaming WIFI | AMD B650 - AM5";"106243";"4711081906209";
"ASUS TUF Gaming X670E-Plus WIFI | AMD X670E - AM5";"106244";"4711081905738";
"ASUS Prime X670E-Pro WIFI | AMD X670E - AM5";"106245";"4711081905660";
"ASUS ROG Strix X670E-A Gaming WIFI | AMD X670E - AM5";"106246";"4711081897323";
"MSI MAG X670E Tomahawk WIFI | AMD X670 - AM5";"106247";"4711377076562";
"MSI MPG X670E Carbon WIFI | AMD X670 - AM5";"106248";"4711377004879";
"32GB DDR5-7200 Corsair Vengeance RGB - DDR5 - Kit - 32 GB: 2 x 16 GB";"106251";"0840006600732";
"32GB DDR5-7000 Corsair Vengeance - DDR5 - Kit - 32 GB: 2 x 16 GB";"106252";"0840006600404";
"850W MSI MAG A850GL PCIE5 80+ Gold";"106253";"4711377084253";
"750W MSI MAG A750GL PCIE5 80+ Gold";"106254";"4711377084284";
"Gigabyte B760 DS3H AX DDR4 - LGA1700";"106255";"4719331850999";
"Fan-Controller ARGB HC06-4 V1.4";"106256";;
"1000W ASUS TUF Gaming KM 80+ Gold";"106260";"4711081786412";
"850W Corsair RMe Series RM850e 80+ Gold";"106268";"0840006699545";
"1000W Corsair RMe Series RM1000e 80+ Gold";"106269";"0840006699750";
"MSI MPG VELOX 100P AIRFLOW Midi Tower";"106279";"4719072829292";
"32GB DDR5-6000 CL30 Corsair Vengeance RGB - 2x16 GB";"106282";"0840006600107";
"32GB DDR5-6000 CL36 Corsair Vengeance RGB - 2x16 GB - Weiß";"106283";"0840006695547";
"MSI PRO B650M-A WIFI DDR5 - AM5";"106284";"4711377010160";
"MSI PRO B760M-A WIFI DDR5 - LGA1700";"106285";"4711377059572";
"Intel Core i5-14600K - 6x 3.50GHz + 8x 2.60GHz (Turbotakt bis 5.3GHz)";"106288";;
"Intel Core i5-14600KF - 6x 3.50GHz + 8x 2.60GHz (Turbotakt bis 5.3GHz)";"106289";;
"Intel Core i7-14700K - 8x 3.40GHz + 12x 2.50GHz (Turbotakt bis 5.6GHz)";"106290";;
"Intel Core i7-14700KF - 8x 3.40GHz + 12x 2.50GHz (Turbotakt bis 5.6GHz)";"106291";;
"Intel Core i9-14900K - 8x 3.20GHz + 16x 2.40GHz (Turbotakt bis 6.0GHz)";"106292";;
"Intel Core i9-14900KF - 8x 3.20GHz + 16x 2.40GHz (Turbotakt bis 6.0GHz)";"106293";;
"MSI MAG Z790 TOMAHAWK WIFI DDR5 | Intel Z790 - LGA1700";"106294";"4711377025492";
"1000W MSI MPG A1000G PCIE5 80+ Gold";"106295";"4719072972196";
"Gigabyte H610M S2H DDR5 - LGA1700";"106298";"4719331854102";
"850W Asus TUF Gaming 80+ Gold";"106309";"4711081786573";
"750W Asus TUF Gaming 80+ Gold";"106310";"4711081786733";
"Elgato Facecam - Webcam - Farbe (Tag&Nacht) - feste Brennweite";"106321";"0840006637806";
"Elgato Stream Deck Plus - Tastenfeld - USB 2.0";"106322";"0840006645146";
"Elgato Game Capture HD60 X - Videoaufnahmeadapter";"106323";"0840006656777";
"ASUS ROG Strix Helios Midi Tower";"106328";;
"ASUS ROG Hyperion GR701 Midi Tower";"106329";"4711081982784";
"Plexus Ersatzlüfter - 120x120 - RGB - Schwarz";"106330";;
"Plexus Ersatzlüfter - 120x120 - RGB - Weiß";"106331";;
"Fractal Design North Mesh Midi Tower schwarz";"106332";"7340172704706";
"Fractal Design North Tempered Glass Midi Tower schwarz";"106333";"7340172704713";
"Fractal Design North Mesh Midi Tower weiß";"106334";"7340172704720";
"Fractal Design North Tempered Glass Midi Tower weiß";"106335";"7340172704737";
"G-DATA Internet Security (kostenlose Jahreslizenz) für 3 Geräte";"106337";;
"2TB M.2 SSD (NVMe) WD Blue SN580";"106339";"0718037902449";
"1TB M.2 SSD (NVMe) WD Blue SN580";"106340";"0718037887340";
"32GB DDR5-6000 CL36 Kingston FURY Beast -  Kit - 2 x 16 GB";"106341";"0740617330755";
"32GB DDR5-6000 Kingston FURY Renegade CL32 - Kit - 2 x 16 GB";"106342";"0740617329803";
"Be Quiet! Shadow Base 800 DX | Glasfenster - schwarz";"106343";"4260052190616";
"Be Quiet! Shadow Base 800 DX | Glasfenster - weiß";"106344";"4260052190623";
"Be Quiet! Shadow Base 800 FX | Glasfenster - schwarz";"106345";"4260052190630";
"Be Quiet! Shadow Base 800 FX | Glasfenster - weiß";"106346";"4260052190647";
"Be Quiet! Shadow Base 800 | Glasfenster - schwarz";"106347";"4260052190609";
"ASUS ROG Strix Z790-E Gaming WIFI II  | Intel Z790 - LGA1700";"106349";"4711387357347";
"AMD Ryzen 5 8500G - 6x 3.5GHz (Turbotakt bis 5.0GHz)";"106350";;
"AMD Ryzen 5 8600G - 6x 4.3GHz (Turbotakt bis 5.0GHz)";"106351";;
"AMD Ryzen 7 8700G - 8x 4.2GHz (Turbotakt bis 5.1GHz)";"106352";;
"AMD Ryzen 5 5500GT - 6x 3.6GHz (Turbotakt bis 4.4GHz)";"106353";"100-000001489";
"AMD Ryzen 5 5600GT - 6x 3.6GHz (Turbotakt bis 4.6GHz)";"106354";"100-000001488";
"AMD Ryzen 7 5700 - 8x 3.7GHz (Turbotakt bis 4.6GHz)";"106355";;
"Corsair 3000D RGB Airflow Tempered Glass Mid-Tower, Black inkl. 3x ARGB Lüfter";"106357";"840006610854";
"Corsair 3000D RGB Airflow Tempered Glass Mid-Tower, White inkl. 3x ARGB Lüfter";"106358";"0840006610861";
"1200W Be Quiet! Straight Power 12 BN339 80 PLUS Platinum";"106359";"4260052189443";
"1000W Be Quiet! Dark Power 13 BN335 80 PLUS Titanium";"106361";"4260052189405";
"1300W Be Quiet! Dark Power 13 80 PLUS Titanium";"106362";"4260052189368";
"1TB M.2 SSD (NVMe) WD BLACK SN850X WDS100T2X0E";"106363";"0718037891392";
"2TB M.2 SSD (NVMe) WD BLACK SN850X WDS200T2X0E";"106369";"0718037891408";
"Fractal Design North Chalk White TG Clear Midi Tower";"106371";"7340172704737";
"Gigabyte X670 GAMING X AX V2 - AM5";"106374";"4719331859398";
"Gigabyte B760 DS3H | Intel B760 - LGA1700";"106375";"4719331853136";
"Montagekit Phaser AMD";"106378";;
"Intel Core i3-14100 - 4x 3.50GHz (Turbotakt bis 4.7GHz)";"106379";;
"Intel Core i3-14100F - 4x 3.50GHz (Turbotakt bis 4.7GHz)";"106380";;
"Intel Core i5-14400 - 6x 2.50GHz + 4x 1.80GHz (Turbotakt bis 4.7GHz)";"106381";;
"Intel Core i5-14400F - 6x 2.50GHz + 4x 1.80GHz (Turbotakt bis 4.7GHz)";"106382";;
"Intel Core i5-14500 - 6x 2.60GHz + 8x 1.90GHz (Turbotakt bis 5.0GHz)";"106383";;
"Intel Core i5-14600 - 6x 2.70GHz + 8x 2.00GHz (Turbotakt bis 5.2GHz)";"106384";;
"Intel Core i7-14700 - 8x 2.10GHz + 12x 1.50GHz (Turbotakt bis 5.4GHz)";"106385";;
"Intel Core i7-14700F - 8x 2.10GHz + 12x 1.50GHz (Turbotakt bis 5.4GHz)";"106386";;
"Intel Core i9-14900 - 8x 2.00GHz + 16x 1.50GHz (Turbotakt bis 5.8GHz)";"106387";;
"Intel Core i9-14900F - 8x 2.00GHz + 16x 1.50GHz (Turbotakt bis 5.8GHz)";"106388";;
"Nvidia GeForce RTX 3050 6GB GDDR6";"106401";;
"16GB DDR5 5600 Kingston FURY Beast Kit (2x8GB)";"106409";;
"64GB DDR5-6000 CL30 Corsair Dominator Titanium (2x 32 GB)";"106413";"0840006674443";
"Corsair 5000D RGB AIRFLOW - Midi Tower schwarz";"106416";"840006694342";
"16GB DDR5-6000 CL36 Corsair Vengeance 1 x 16 GB";"106417";;
"32GB DDR5-6000 CL36 Corsair Vengeance 2 x 16 GB";"106420";;
"1000W MSI MAG A1000GL PCIE5 80+ Gold";"106421";"4711377142243";
"ASUS TUF B760-Plus WIFI | Intel B760 DDR4 - LGA1700";"106422";"4711387009499";
"Xilence I350PWM - Intel Kühler - XC232 - LGA1700";"106428";"4044953503207";
"MSI PRO B650-S WIFI DDR5 - AM5";"106431";"4711377132862";
"Gigabyte A620M Gaming X - AM5";"106432";"4719331854096";
"Gigabyte A620M H - AM5";"106433";"4719331855512";
"MSI MAG 275CQRXFDE GAMING Monitor 27"" (69cm) WQHD 240Hz Curved";"106439";"4711377191999";
"MSI MAG FORGE 320R Midi Tower";"106457";"4711377121552";
"Gigabyte H610M S2H V3 DDR4 - LGA1700";"106466";"4719331859732";
"AMD Ryzen 7 8700F - 8x 4.1GHz (Turbotakt bis 5.0GHz)";"106468";;
"AMD Ryzen 5 8400F - 6x 4.2GHz (Turbotakt bis 4.7GHz)";"106469";;
"MSI X670E Gaming Plus WIFI | AMD X670 - AM5";"106471";"4711377170345";
"MSI MAG PANO M100R PZ Mini Tower Schwarz";"106472";"4711377136471";
"Corsair 6500D Airflow Tempered Glass Mid-Tower, Black";"106473";"840006664710";
"Corsair 6500D Airflow Tempered Glass Mid-Tower, White";"106474";"0840006664727";
"Corsair 6500X Tempered Glass Mid-Tower, Black";"106475";"840006664697";
"Corsair 6500X Tempered Glass Mid-Tower, White";"106476";"840006664703";
"Corsair 2500D Airflow Tempered Glass Mid-Tower, Black";"106477";"0840006671411";
"Corsair 2500D Airflow Tempered Glass Mid-Tower, White";"106478";"0840006671428";
"Corsair 2500X Tempered Glass mATX Mid-Tower, Black";"106479";"0840006674962";
"Corsair 2500X Tempered Glass mATX Mid-Tower, White";"106480";"0840006674979";
"MSI B760M PROJECT ZERO WIFI DDR5 - LGA1700";"106481";"4711377143660";
"MSI Z790 PROJECT ZERO WIFI DDR5 - LGA1700";"106482";"4711377154024";
"MSI B650M PROJECT ZERO WIFI DDR5 - AM5";"106483";"4711377126649";
"Corsair iCUE LINK QX120 RGB Schwarz - Gehäuselüfter  - mit Temperatursensor 1x120mm";"106485";"0840006697930";
"Corsair iCUE LINK QX120 RGB Kit - Gehäuselüfter - mit Temperatursensor - 120 mm - Schwarz (Packung mit 3)";"106486";"0840006697947";
"Corsair iCUE LINK QX120 RGB Weiß - Gehäuselüfter  - mit Temperatursensor 1x120mm";"106487";"0840006697978";
"Corsair iCUE LINK QX120 RGB Kit - Gehäuselüfter - mit Temperatursensor - 120 mm - Weiß (Packung mit 3)";"106488";"0840006697985";
"Corsair 6500D Airflow Tempered Glass Mid-Tower, Weiß inkl.4x QX120mm RGB-Lüfter";"106489";;
"Corsair 6500D Airflow Tempered Glass Mid-Tower, Schwarz - inkl.4x QX120mm RGB-Lüfter";"106490";;
"Corsair 6500X Tempered Glass Mid-Tower, Schwarz - inkl.4x QX120mm RGB-Lüfter";"106491";;
"Corsair 6500X Tempered Glass Mid-Tower, Weiß - inkl.4x QX120mm RGB-Lüfter";"106492";;
"Corsair 2500D Airflow Tempered Glass Mid-Tower, Schwarz  inkl.4x QX120mm RGB-Lüfter";"106493";;
"Corsair 2500D Airflow Tempered Glass Mid-Tower, Weiß  inkl.4x QX120mm RGB-Lüfter";"106494";"0840006671428";
"Corsair 2500X Airflow Tempered Glass Mid-Tower, Schwarz  inkl.4x QX120mm RGB-Lüfter";"106495";;
"Corsair 2500X Airflow Tempered Glass Mid-Tower, Weiß  inkl.4x QX120mm RGB-Lüfter";"106496";;
"32GB DDR5-6000 CL30 G.Skill Flare X5 - Kit - 2 x 16 GB";"106497";"4713294230539";
"550W Corsair CX550 Netzteil 80 PLUS Bronze";"106499";"0840006670773";
"16GB DDR5-6000 CL36 Kingston FURY Beast -  Kit - 2 x 8 GB";"106500";"0740617331721";
"16GB DDR4 3600MHz Corsair Vengeance LPX schwarz DIMM Kit CL18 (2x8GB)";"106501";"0840006612971";
"MSI MAG FORGE 120A Mid Tower";"106503";"4711377121576";
"Windows 10 64Bit Pro (30 Tage Testversion)";"106507";;
"Windows 11 64Bit Pro (30 Tage Testversion)";"106508";;
"MSI MAG PANO M100R PZ Mini Tower Weiß";"106509";"4711377136488";
"ASUS Prime AP201 micro-ATX Tower - Weiß";"106514";"4711081771913";
"4TB M.2 SSD (NVMe) WD BLACK SN850X WDS400T2X0E";"106518";"0718037891378";
"32GB DDR5-6000 CL30 Kingston FURY Beast Kit 2x 16GB (INTEL)";"106524";"0740617342994";
"32GB DDR5-6000 CL30 Kingston FURY Beast Kit 2x 16GB (AMD)";"106525";"0740617343229";
"PNY Nvidia RTX A2000 12GB GDDR6";"106526";"3536403388867";
"PNY Nvidia RTX A4000 16GB GDDR6";"106527";"3536403383893";
"Systemtreff EM 2024 Mauspad";"106528";;
"ASUS ROG STRIX Z790-H Gaming WIFI | DDR5 -  LGA1700";"106529";"4711387038192";
"64GB DDR5-6000 CL30 G.Skill Trident Z5 Neo RGB - Kit - 2x 32 GB";"106530";"4713294232762";
"ASUS ProArt PA279CRV - LED-Monitor - 68.6 cm (27"")";"106532";"4711081951506";
"32GB DDR5-6000 CL30 G.Skill Trident Z Neo RGB - Kit - 2x 16GB";"106533";"4713294232649";
"MSI MAG FORGE 320R Midi Tower - weiß";"106535";"4711377193474";
"16GB DDR4 3600MHz G.Skill Ripjaws V Series - DDR4 (1x16GB)";"106538";"4713294230089";
"8GB DDR4 3600MHz G.Skill Ripjaws V Series - DDR4 (1x8GB)";"106539";"4713294225634";
"32GB DDR4 3600MHz Patriot Viper 2x16GB Kit";"106540";;
"AMD Ryzen 5 9600X - 6x3.9GHz (Turbotakt bis 5.4GHz)";"106541";;
"AMD Ryzen 7 5800XT - 8x3.8GHz (Turbotakt bis 4.8GHz)";"106542";;
"AMD Ryzen 9 5900XT - 16x3.3GHz (Turbotakt bis 4.8GHz)";"106543";;
"AMD Ryzen 7 9700X - 8x3.8GHz (Turbotakt bis 5.5GHz)";"106544";;
"AMD Ryzen 9 9900X - 12x4.4GHz (Turbotakt bis 5.6GHz)";"106545";;
"AMD Ryzen 9 9950X - 16x4.3GHz (Turbotakt bis 5.7GHz)";"106546";;
"16GB DDR4 3600MHz G.Skill Ripjaws V Series - DDR4 (2x8GB)";"106547";"4713294225634";
"32GB DDR4 3600MHz G.Skill Ripjaws V Series - DDR4 (2x16GB)";"106548";"4713294230089";
"Fractal Design North XL Tempered Glass - Charcoal Black";"106551";"7340172706540";
"Corsair Gaming HS80 RGB Carbon - USB";"106552";"840006644484";
"Corsair Gaming Mousepad MM500 v2-EXT";"106554";"0840006682158";
"Corsair K65 Plus Wireless - Tastatur - 75% - Blacklit";"106555";"0840006665564";
"Gigabyte B650 EAGLE AX - AM5";"106560";"4719331860158";
"Gigabyte GeForce RTX 3060 12GB Windforce OC 12G GDDR6";"106562";"4719331312862";
"650Watt GIGABYTE GP-P650G 80+ Gold";"106563";"4719331553753";
"Gigabyte B650M AORUS ELITE AX ICE - AM5";"106564";"4719331859336";
"MSI MPG B550 GAMING PLUS - AM4";"106565";"4719072731885";
"SAPPHIRE Radeon RX 7800 XT PURE GAMING OC 16GB";"106567";"4895106294455";
"Gigabyte B650 AORUS ELITE AX ICE - AM5";"106569";"4719331859374";
"750W Corsair RM750x Shift 80 Plus Gold Weiß";"106570";"0840006668015";
"Corsair 3500X ARGB Tempered Glass Mid-Tower schwarz";"106571";"0840006686057";
"32GB DDR5-6000 CL30 Corsair Vengeance RGB - 2x16 GB weiß";"106572";"0840006677109";
"ASUS Prime AP201 Tempered Glass micro-ATX Tower - Schwarz";"106573";"4711081771838";
"ASUS Prime AP201 Tempered Glass micro-ATX Tower - Weiss";"106574";"4711081771920";
"Arctic Freezer 36 A-RGB - Luftkühler weiß";"106575";"4895213704168";
"32GB DDR5-6000 Corsair Dominator Titanium RGB CL30 - 2x16 GB - Weiß";"106585";"0840006674337";
"64GB DDR5-6000 CL30 Corsair Dominator Titanium RGB - 2x32 GB - Weiß";"106588";"0840006674436";
"850W Corsair RM850 80 PLUS Gold Weiss";"106589";"0840006628835";
"750W Corsair RM750 80 PLUS Gold Weiss";"106590";"0840006628712";
"1000W Corsair RM1000x Shift 80 Plus Gold Weiss";"106591";"0840006668381";
"850W Corsair RM850x Shift 80 Plus Gold Weiss";"106592";"0840006668206";
"1200W Corsair RM1200x Shift 80 Plus Gold Weiss";"106593";"0840006668688";
"850W MSI MAG A850GL PCIE5 80 Plus Gold Weiss";"106594";"4711377115391";
"850W Gigabyte UD850GM PG5W 80 Plus Gold Weiss";"106595";"4719331553470";
"4TB M.2 SSD (NVMe)  Crucial T705 PCIe 5.0";"106596";"0649528940209";
"ASUS PRIME X870-P WIFI - AM5 - DDR5";"106604";"4711387718148";
"MSI MAG Z890 TOMAHAWK WIFI DDR5 | Intel Z890 - LGA1851";"106605";"4711377259712";
"MSI PRO Z890-P WIFI DDR5 - LGA1851";"106606";"4711377257701";
"32GB DDR4 3600MHz G.Skill Ripjaws V Series - DDR4 (2x16GB)  INTEL XMP";"106607";"4713294223104";
"Maus und Tastatur Set - Kabelgebunden - KB-101DE";"106613";"4260455648950";
"ASUS TUF GAMING B760M-PLUS WIFI DDR5 - LGA1700";"106615";"4711387121337";
"ASUS PRIME Z790M-PLUS DDR5 - LGA1700";"106616";"4711387025741";
"ASUS PRIME B760M-A WIFI DDR5 - LGA1700";"106617";"4711387131435";
"ASRock B760M Steel Legend WiFi DDR5 - LGA1700";"106618";"4710483941795";
"1TB M.2 SSD (NVMe) Lexar NM790 PCIe 4.0";"106620";"0843367130283";
"2TB M.2 SSD (NVMe) Lexar NM790 PCIe 4.0";"106621";"0843367130290";
"4TB M.2 SSD (NVMe) Lexar NM790 PCIe 4.0 ";"106622";"0843367131464";
"ASUS PRIME B760M-K DDR4 - LGA1700";"106623";"4711387006917";
"ASUS TUF GAMING B760M-PLUS WIFI DDR4 - LGA1700";"106624";"4711387004456";
"Plexus Ersatzlüfter - 120x120 -  Reverse - RGB - Schwarz";"106625";;
"Plexus Ersatzlüfter - 120x120 - Reverse - RGB - Weiß";"106626";;
"Logitech S150 Digital USB - Lautsprecher - 1.2 Watt";"106627";"5099206004023";
"Logitech Z207 - Lautsprecher - für PC - 2.0-Kanal - kabellos - Bluetooth- 5 Watt";"106628";"5099206075023";
"Logitech Z533 - Lautsprechersystem - für PC - 2.1-Kanal - 60 Watt";"106629";"5099206058675";
"ASUS TUF Gaming H3 Wireless - Headset USB";"106630";"4718017784689";
"Deepcool AK620 WH - Prozessor-Luftkühler Weiß";"106631";"6933412727453";
"Deepcool AK400 WH - Prozessor-Luftkühler Weiß";"106632";"6933412727422";
"Systemtreff Gaming Mid Tower AirForce GT1 Schwarz";"106633";"4251951699782";
"Systemtreff Gaming Mid Tower AirForce GT1 Weiß";"106634";"4251951699775";
"Gigabyte X870 AORUS ELITE WF7 ICE - AM5 - DDR5";"106635";"4719331864682";
"Gigabyte X870 AORUS ELITE WF7 - AM5 - DDR5";"106636";"4719331864811";
"Gigabyte X870 Gaming X WF7 - AM5 - DDR5";"106637";"4719331865368";
"Gigabyte X870 Eagle WF7 - AM5 - DDR5";"106638";"4719331864996";
"Gigabyte X870 Gaming WF6 - AM5 - DDR5";"106639";"4719331865399";
"Gigabyte X870E AORUS MASTER WF7 - AM5 - DDR5";"106640";"4719331864354";
"Gigabyte X870E AORUS PRO ICE WF7 - AM5 - DDR5";"106641";"4719331864798";
"Gigabyte X870E AORUS PRO WF7 - AM5 - DDR5";"106642";"4719331864866";
"Gigabyte X870E AORUS ELITE WF7 - AM5 - DDR5";"106643";"4719331864613";
"8GB DDR4 3600MHz Kingston FURY Beast - DDR4 (1x8GB)";"106644";"0740617319798";
"16GB DDR4 3600MHz Kingston FURY Beast - DDR4 (2x8GB)";"106645";;
"Corsair K70 CORE RGB Mechanical Gaming Keyboard — Black";"106648";"0840006665649";
"Corsair HS55 STEREO Gaming-Headset – Carbon";"106651";"0840006643623";
"1TB M.2 SSD (NVMe) Crucial T705 PCIe 5.0";"106656";"0649528940162";
"1TB M.2 SSD (NVMe) Crucial T700 PCIe 5.0";"106657";"0649528935632";
"MSI PRO X870-P WIFI - AM5 - DDR5";"106661";"4711377256339";
"MSI MAG X870 TOMAHAWK WIFI - AM5 - DDR5";"106662";"4711377254557";
"Intel Core Ultra 5 Prozessor 245KF 6x 4.20GHz + 8x 3.60GHz  (Turbotakt bis 5.2GHz)";"106664";"5032037282109";
"Intel Core Ultra 7 Prozessor 265K 8x 3.90GHz + 12x 3.30GHz  (Turbotakt bis 5.5GHz)";"106665";"5032037282062";
"Intel Core Ultra 7 Prozessor 265KF 8x 3.90GHz + 12x 3.30GHz  (Turbotakt bis 5.5GHz)";"106666";"5032037281980";
"Intel Core Ultra 9 Prozessor 285K 8x 3.70GHz + 16x 3.20GHz  (Turbotakt bis 5.7GHz)";"106667";"5032037281928";
"16GB DDR4 3600MHz Corsair C18 Vengeance LPX - (1x16GB)";"106668";;
"8GB DDR4 3600MHz Corsair C18 Vengeance LPX - DDR4 (1x8GB)";"106669";;
"Intel Core Ultra 5 Prozessor 245K 6x 4.20GHz + 8x 3.60GHz  (Turbotakt bis 5.2GHz)";"106670";"5032037282086";
"16GB DDR4 3600MHz Corsair C18 Vengeance LPX - (2x8GB)";"106672";;
"32GB DDR4 3600MHz Corsair C18 Vengeance LPX - DDR4 (2x16GB)";"106673";;
"AMD Ryzen 7 9800X3D - 8x 4.7GHz (Turbotakt bis 5.2GHz)";"106680";;
"Gigabyte Z890 A ELITE ICE WIFI 7 DDR5 - LGA1851";"106681";"4719331865221";
"Gigabyte Z890 A ELITE X ICE DDR5 - LGA1851";"106682";"4719331864989";
"MSI Z890 GAMING PLUS WIFI DDR5 - LGA1851";"106683";"4711377257718";
"Systemtreff Gaming Case AEON ST-804 - Schwarz";"106687";"4251951699751";
"Systemtreff Gaming Case AEON ST-804 - Weiß";"106688";"4251951699768";
"ASUS TUF GAMING X870-PLUS WIFI - AM5 - DDR5";"106689";"4711387723609";
"ASUS ROG STRIX X870-F GAMING WIFI - AM5 - DDR5";"106690";"4711387732045";
"Wasserkühlung Systemtreff ITS-240C Phaser LCD - 2x120mm Lüfter ARGB Weiss";"106693";"4251951699744";
"Wasserkühlung Systemtreff ITS-360C Phaser LCD - 3x120mm Lüfter ARGB Weiss";"106694";"4251951699720";
"Systemtreff Black & Red Mauspad";"106695";;
"Logitech G G733 LIGHTSPEED Wireless RGB Gaming Headset";"106702";"5099206088719";
"Logitech G G535 LIGHTSPEED Wireless Gaming Headset";"106703";"5099206094772";
"Gigabyte Z790 EAGLE AX DDR5 - LGA1700";"106704";"4719331860998";
"Logitech Hyperion Fury G402 - Maus";"106705";"5099206051768";
"Logitech Gaming Mouse G203 LIGHTSYNC - Maus";"106706";"5099206089167";
"Razer DeathAdder Essential - Maus";"106707";"8886419333265";
"Razer Basilisk V3 - Maus - ergonomisch";"106708";"8886419333487";
"Cherry KC 1000 - Tastatur - Schwarz";"106709";"4025112081316";
"Logitech K280e - Tastatur";"106710";"5099206076679";
"Sapphire Pulse Radeon RX 7600 8GB GDDR6";"106711";"4895106293618";
"Sapphire Pulse Radeon RX 7700 XT 12GB GDDR6";"106712";"4895106294288";
"TP-LINK Archer T3U - Netzwerkadapter - USB 3.0";"106718";"6935364083830";
"ASUS XG-C100C - Netzwerkadapter - PCIe - 10Gb";"106719";"4712900620061";
"Asus ROG STRIX B850-A Gaming WIFI";"106734";"4711387772676";
"Asus ROG STRIX B850-E Gaming WIFI";"106735";"4711387769300";
"Asus ROG STRIX B850-F GAMING WIFI";"106736";"4711387771013";
"Asus TUF GAMING B850M-PLUS";"106737";"4711387775172";
"Asus TUF GAMING B850M-PLUS WIFI";"106738";"4711387764916";
"Asus TUF GAMING B850-PLUS WIFI";"106739";"4711387781609";
"MSI B850 GAMING PLUS WIFI";"106748";"4711377285438";
"MSI PRO B850-P WIFI";"106749";"4711377286046";
"Gigabyte B850 AORUS ELITE WF7 ATX AM5";"106750";"4719331866105";
"Gigabyte B850 EAGLE WIFI6E AM5";"106751";"4719331866587";
"Gigabyte B850 GAMING X WIFI6E";"106752";"4719331866457";
"AMD Ryzen 5 9600 - 6x3.8GHz (Turbotakt bis 5.2GHz)";"106760";;
"Nvidia GeForce RTX 5070 12GB GDDR7 mit DLSS 4";"106761";;
"Nvidia GeForce RTX 5070 TI 16GB GDDR7 mit DLSS 4";"106762";;
"Nvidia GeForce RTX 5080 16GB GDDR7 mit DLSS 4";"106763";;
"Nvidia GeForce RTX 5090 32GB GDDR7 mit DLSS 4";"106764";;
"MSI GeForce RTX 5070 12GB Ventus 3x OC";"106765";"824142405666";
"MSI GeForce RTX 5070 12GB Gaming Trio OC";"106766";"4711377303927";
"MSI GeForce RTX 5070 Ti 16GB Ventus 3x OC Plus";"106767";"4711377299176";
"MSI GeForce RTX 5070 Ti 16GB Gaming Trio OC Plus";"106768";"4711377301053";
"MSI GeForce RTX 5080 16GB Ventus 3x OC Plus";"106769";"4711377292528";
"MSI GeForce RTX 5080 16GB Gaming Trio OC";"106770";"4711377292160";
"MSI GeForce RTX 5090 32GB Gaming Trio OC";"106771";"4711377302456";
"MSI GeForce RTX 5090 32GB Vanguard SOC";"106772";"4711377302500";
"MSI GeForce RTX 5090 32GB Ventus 3x OC";"106773";"4711377301633";
"Gigabyte GeForce RTX 5070 12GB Gaming OC";"106774";"4719331355722";
"Gigabyte GeForce RTX 5070 Ti 16GB Gaming OC";"106775";"4719331355562";
"Gigabyte GeForce RTX 5080 16GB Gaming OC";"106776";"4719331355494";
"Gigabyte GeForce RTX 5080 16GB AORUS Master";"106777";"4719331355586";
"Gigabyte GeForce RTX 5090 32GB Gaming OC";"106778";"4719331355791";
"Gigabyte GeForce RTX 5090 32GB AORUS Master";"106779";"4719331355807";
"ASUS Prime GeForce RTX 5070 OC Edition 12GB GDDR7";"106780";"4711387837825";
"ASUS TUF Gaming GeForce RTX 5070 OC Edition 12GB GDDR7";"106781";;
"ASUS TUF Gaming GeForce RTX 5070 Ti 16GB GDDR7";"106782";;
"ASUS Prime GeForce RTX 5080 OC Edition 16GB GDDR7";"106783";;
"ASUS TUF Gaming GeForce RTX 5080 OC Edition 16GB GDDR7";"106784";;
"ASUS TUF Gaming GeForce RTX 5090 32GB GDDR7";"106785";;
"ASUS Prime GeForce RTX 5070 Ti OC Edition 16GB GDDR7";"106786";"4711387861516";
"Intel Core Ultra 9 Prozessor 285 8x 2.5GHz + 16x 4.60GHz  (Turbotakt bis 5.5GHz)";"106787";;
"Intel Core Ultra 7 Prozessor 265 8x 2.40GHz + 12x 1.80GHz  (Turbotakt bis 5.3GHz)";"106788";"5032037282512";
"Intel Core Ultra 7 Prozessor 265F 8x 2.40GHz + 12x 1.80GHz  (Turbotakt bis 5.3GHz)";"106789";"8592978611132";
"Intel Core Ultra 5 Prozessor 245 6x 3.50GHz + 8x 3.00GHz  (Turbotakt bis 5.1GHz)";"106790";"8592978608040";
"Intel Core Ultra 5 Prozessor 235 6x 3.40GHz + 8x 2.90GHz  (Turbotakt bis 5.0GHz)";"106791";"5032037282925";
"Intel Core Ultra 5 Prozessor 225 6x 3.30GHz + 8x 2.70GHz  (Turbotakt bis 4.90GHz)";"106792";"5032037282352";
"Intel Core Ultra 5 Prozessor 225F 6x 3.30GHz + 8x 2.70GHz  (Turbotakt bis 4.90GHz)";"106793";"5032037282376";
"Asus Prime B860-Plus WIFI DDR5 - LGA1851";"106794";"4711387814697";
"1250W MSI Netzteil MAG A1250GL PCIE5";"106795";"4711377142229";
"64GB DDR5-6000 CL30 Kingston Fury Beast Kit 2x32GB";"106801";"0740617343403";
"1600W Be Quiet! Dark Power 13 80 PLUS Titanium";"106802";"4260052189375";
"Samsung Odyssey G5 S27DG500EU - G50D Series - LED-Monitor - Gaming - 68.6 cm (27"")";"106804";"8806095412535";
"Samsung Odyssey G5 S27CG554EU - G55C Series - LED-Monitor - Gaming - 68.6 cm (27"")";"106805";"8806095337234";
"MSI MAG 274URFWde - 4K UHD Gaming Monitor - 69 cm (27"") Weiß";"106806";"4711377170055";
"Palit GeForce RTX 5080 16GB GameRock GDDR7 DLSS4";"106807";"4710562244892";
"Palit GeForce RTX 5080 16GB GameRock OC GDDR7 DLSS4";"106808";"4710562244885";
"MSI MAG 274PFWDE - Gaming Monitor - 68,6 cm 27"" Weiß";"106809";"4711377196475";
"MSI PRO MP273UDE, LED-Monitor 69 cm (27 Zoll)";"106810";"4711377192286";
"MSI MAG 27CQ6FDE Gaming Monitor 69 cm (27 Zoll)";"106811";"4711377179898";
"LC-Power Gehäuselüfter 3x120mm schwarz ARGB 4Pin PWM";"106813";"4262443280623";
"Logitech MK540 Advanced - Tastatur-und-Maus-Set kabellos";"106814";"5099206077379";
"Logitech Slim Wireless Combo MK470 - Tastatur-und-Maus-Set";"106815";"5099206086456";
"Cherry STREAM DESKTOP - Tastatur und Maus Set";"106816";"4025112090738";
"MSI GeForce RTX 5080 16GB Gaming Trio OC White";"106817";"4711377292177";
"MSI GeForce RTX 5080 16GB Ventus 3x OC White";"106818";"4711377292542";
"MSI GeForce RTX 5080 16GB Ventus 3x OC";"106819";"4711377309219";
"Palit GeForce RTX 5080 Gaming Pro 16GB GDDR7 DLSS4";"106820";"4710562244939";
"Gainward GeForce RTX 5080 Phoenix 16GB GDDR7 DLSS4";"106821";"4710562244953";
"Gigabyte GeForce RTX 5080 Aero OC SFF 16GB";"106822";"4719331355555";
"Gigabyte GeForce RTX 5080 Windforce OC SFF 16GB";"106823";"4719331355845";
"ZOTAC GeForce RTX 5080 16GB SOLID OC";"106824";"8886307700056";
"PNY GeForce RTX 5080 16GB Overclocked Triple Fan";"106825";"0751492794266";
"PNY GeForce RTX 5090 32GB Overclocked Triple Fan";"106826";;
"PNY GeForce RTX 5080 16GB ARGB Gaming Overclocked Triple Fan";"106827";"0751492794242";
"PNY GeForce RTX 5090 32GB ARGB Gaming Overclocked Triple Fan";"106828";;
"Wasserkühlung Corsair Nautilus 360 RS ARGB 360mm Weiß";"106830";"0840006687597";
"Wasserkühlung Corsair Nautilus 240 RS ARGB 240mm Weiß";"106832";"0840006687580";
"Wasserkühlung Corsair iCUE Link TITAN 360 RX RGB 360mm Weiß";"106833";"0840006685463";
"Wasserkühlung Corsair iCUE Link TITAN 240 RX RGB 240mm Weiß";"106836";"0840006685456";
"Gainward GeForce RTX 5080 16GB Phantom GDDR7 DLSS4";"106837";"4710562244915";
"Corsair HS35 v2-Multiplattform-Gaming-Headset – Carbon";"106838";;
"Corsair HS65 SURROUND Gaming-Headset – Carbon";"106839";;
"Corsair HS55 Wireless, Gaming-Headset";"106840";"0840006657866";
"Corsair HS80 RGB Wireless Headset, Gaming-Headset";"106841";"0840006625940";
"Corsair HS80 Max Wireless, Gaming-Headset - Carbon";"106842";;
"Corsair VOID RGB ELITE Wireless, Gaming-Headset";"106843";"0840006609834";
"Xilence X818.ARGB XILENT Gleam Gaming Case black";"106844";"4044953504068";
"Corsair K70 CORE TKL, Gaming-Tastatur";"106845";"0840006678731";
"Corsair K70 CORE TKL WIRELESS, Gaming-Tastatur";"106846";"0840006678885";
"Corsair K70 PRO TKL, Gaming-Tastatur";"106847";"0840006683605";
"Corsair Ironclaw RGB, Gaming-Maus";"106849";"0843591061933";
"Corsair Ironclaw RGB Wireless, Gaming-Maus";"106850";"0843591075954";
"Corsair Nightsabre Wireless, Gaming-Maus";"106852";"0840006649519";
"NZXT H series H6 Flow - Mid Tower - schwarz";"106853";"5056547204055";
"64GB DDR5-6000 CL30 Corsair Vengeance - DDR5 - 2 x 32 GB Grau";"106854";"0840006671732";
"64GB DDR5-6000 CL30 Corsair Vengeance RGB - 2x32 GB - Weiß";"106855";"0840006677116";
"Wasserkühlung MSI MAG CoreLiquid A13 240 weiß";"106857";"4711377276672";
"Wasserkühlung MSI MAG CoreLiquid A13 360 weiß";"106859";"4711377276689";
"AMD Ryzen 9 9950X3D - 16x4.3GHz (Turbotakt bis 5.7GHz)";"106860";;
"AMD Ryzen 9 9900X3D - 12x4.4GHz (Turbotakt bis 5.5GHz)";"106861";;
"850W Corsair RMe Series RM850e ATX 3.1 PCIe5.1";"106864";"0840006691204";
"1000W Corsair RMe Series RM1000e ATX 3.1 PCIe5.1";"106865";"0840006691327";
"750W Corsair RMe Series RM750e ATX 3.1 PCIe5.1";"106866";"0840006691082";
"1200W Corsair HXi Series HX1200i 80 PLUS Platinum";"106867";"0840006671589";
"Gigabyte GeForce RTX 5080 16GB AORUS Master ICE  DLSS 4";"106868";"4719331355692";
"Be Quiet! PURE BASE 501 - Airflow Window Black BGW74";"106869";"4260052191828";
"Be Quiet! PURE BASE 501 - Airflow Window White BGW75";"106870";"4260052191835";
"Be Quiet! PURE BASE 501 - Airflow Black BG074";"106871";"4260052191804";
"Be Quiet! PURE BASE 501 - Airflow White BG075";"106872";"4260052191811";
"Microsoft Home Office 2024 - Box-Pack | 1 User";"106873";"0196388412259";
"32GB DDR5-6000 CL30 Kingston FURY Beast RGB - Kit - 2 x 16 GB Weiß";"106874";"0740617343311";
"Gigabyte B760 DS3H AX | LGA1700";"106875";;
"Intel Wi-Fi 6 AX201";"106878";;
"ASUS Prime Z890-P Wifi";"106879";;
"NZXT H5 FLOW RGB Midi-Tower - Black";"106880";"5056547205878";
"NZXT H5 FLOW RGB Midi-Tower - White";"106881";"5056547205861";
"NZXT H6 FLOW RGB Midi-Tower - Black";"106882";"5056547204079";
"NZXT H6 FLOW RGB Midi-Tower - White";"106883";"5056547204062";
"NZXT H7 FLOW RGB Midi-Tower - Black";"106884";"5056547205526";
"NZXT H7 FLOW RGB Midi-Tower - White";"106885";"5056547205533";
"1TB M.2 SSD (NVMe) WD SN3000";"106888";"0718037907154";
"1TB M.2 SSD (NVMe) WD BLACK SN7100";"106889";"0718037893204";
"Gigabyte GeForce RTX 5070 Ti EAGLE OC ICE SFF 16G";"106890";"4719331355869";
"1TB M.2 SSD (NVMe) MSI Spatium M470 Pro PCIe 4.0";"106891";"4711377279963";
"ZOTAC GAMING GeForce RTX 5080 AMP Extreme INFINITY";"106892";"8886307700032";
"16GB DDR5-6000 CL30 Kingston FURY Beast -  1 x 16 GB";"106893";;
"32GB DDR5-6000 CL30 Kingston FURY Beast -  2 x 16 GB";"106894";;
"32GB DDR5-6000 CL26 G.Skill TZ5 Neo RGB White - Kit - 2x 16GB";"106895";"4713294238542";
"32GB DDR5-6000 CL26 G.Skill TZ5 Neo RGB Black - Kit - 2x 16GB";"106896";"4713294238559";
"64GB DDR5-6000 CL26 G.Skill TZ5 Neo RGB Black - Kit - 2x 32GB";"106897";"4713294238481";
"64GB DDR5-6000 CL26 G.Skill TZ5 Neo RGB White - Kit - 2x 32GB";"106898";"4713294238498";
"32GB DDR5-6000 CL26 G.Skill TZ5 Royal Neo Silver - Kit - 2x 16GB";"106899";"4713294238528";
"64GB DDR5-6000 CL26 G.Skill TZ5 Royal Neo Silver - Kit - 2x 32GB";"106900";"4713294238467";
"32GB DDR5-6000 CL26 G.Skill TZ5 Royal Neo Gold - Kit - 2x 16GB";"106901";"4713294238535";
"64GB DDR5-6000 CL26 G.Skill TZ5 Royal Neo Gold - Kit - 2x 32GB";"106902";"4713294238474";
"Inno3D RTX 5070 Ti16GB X3 OC";"106903";;
"Inno3D RTX 5070 Ti16GB X3";"106904";;
"AMD Radeon RX 9070 XT 16GB GDDR6";"106905";;
"AMD Radeon RX 9070 16GB GDDR6";"106906";;
"Gigabyte B860 A ELITE WF7 ICE DDR5 LGA 1851";"106907";"4719331866846";
"Gigabyte B860 EAGLE WIFI6E DDR5 LGA1851";"106908";"4719331866822";
"ASUS TUF GAMING B860-PLUS WIFI DDR5 LGA1851";"106909";"4711387815144";
"ASUS ROG STRIX B860-F GAMING WIFI DDR5 LGA1851";"106910";"4711387806951";
"ASUS ROG STRIX B860-A GAMING WIFI DDR5 LGA1851";"106911";"4711387788424";
"Gigabyte Z890 Gaming X WIFI7 DDR5 - LGA1851";"106912";"4719331864941";
"Gigabyte Z890 Eagle WIFI 7 DDR5 - LGA1851";"106913";"4719331864927";
"ASUS TUF GAMING Z890-PLUS WIFI DDR5 LGA1851";"106914";"4711387763926";
"Be Quiet! PURE BASE 501 DX - Black BGW76";"106915";"4260052192832";
"Be Quiet! PURE BASE 501 DX - White BGW77";"106916";"4260052192849";
"Be Quiet! PURE BASE 501 LX - Black BGW78";"106917";"4260052192856";
"Be Quiet! PURE BASE 501 LX - White BGW79";"106918";"4260052192863";
"GIGABYTE AMD Radeon RX 9070 XT Gaming OC 16GB";"106919";"4719331355524";
"AMD Radeon Sapphire NITRO+ RX 9070 XT Gaming OC 16GB";"106920";"4895106295872";
"AMD Radeon Sapphire NITRO+ RX 9070 Gaming OC 16GB";"106921";"4895106295933";
"ASUS TUF GAMING B650-E WIFI - AMD AM5 - DDR5";"106922";"4711387423073";
"ASUS B650E MAX Gaming WIFI - AMD AM5 - DDR5";"106923";"4711387932445";
"Microsoft Office Home and Business 2024 - Box-Pack  | 1 User";"106924";"0196388410392";
"MSI GeForce RTX 5070 12GB Ventus 3x OC White";"106925";"4711377308243";
"Nvidia GeForce RTX 5060 8GB GDDR7 mit DLSS 4";"106926";;
"Nvidia GeForce RTX 5060 Ti 8GB GDDR7 mit DLSS 4";"106927";;
"Nvidia GeForce RTX 5060 Ti 16GB GDDR7 mit DLSS 4";"106928";;
"500GB M.2 SSD (NVMe) WD Blue SN5000";"106930";"0718037894850";
"1TB M.2 SSD (NVMe) WD Blue SN5000";"106931";"0718037894843";
"2TB M.2 SSD (NVMe) WD Blue SN5000";"106932";"0718037893228";
"Logitech Wireless Combo MK220 - Tastatur-und-Maus-Set FR";"106933";;
"Thermal Grizzly Duronaut 10g bulk";"106935";;
"Thermal Grizzly KryoSheet Wärmeleitpad - AM4 - So1700 - 38x 38x 0,2 mm";"106936";"4260711990847";
"Thermal Grizzly KryoSheet Wärmeleitpad - AM5 - 33x 33x 0,2 mm";"106937";"4260711990830";
"PT X10-040-bulk";"106938";;
"PT X8-040-bulk";"106939";;
"Corsair FRAME 4000D RS ARGB - schwarz - inkl. 3x ARGB Lüfter";"106940";"0840440487715";
"Corsair FRAME 4000D RS ARGB - weiß - inkl. 3x ARGB Lüfter";"106941";"0840440487722";
"750W MSI MAG A750BN PCIE5 80+ Bronze";"106942";"4711377126595";
"650W Corsair RMe Series RM650e 80 PLUS Gold";"106943";"0840440485735";
"ASUS PRIME H810M-A WIFI DDR5 LGA1851";"106944";"4711387842522";
"AeroCool D301A Mini-Tower-Gehäuse";"106945";"4711099479764";
"Polartherm by Thermal Grizzly";"106946";;
"Thermal Grizzly KryoSheet Wärmeleitpad - So1851 - 44x 37x 0,2 mm";"106947";;
"Sapphire Pro Tech Driver Kit";"106948";;
"PNY Elite Steel USB-3.1-Stick – 128GB";"106949";;
"MSI GeForce RTX 5090 32GB SUPRIM SOC";"106950";"4711377302487";
"Thermal Grizzly Intel 1851 CPU Contact Frame V1";"106951";"4260711991103";
"Thermal Grizzly Intel 1700 LT CPU Contact Frame";"106952";"4260711991035";
"Sapphire Pulse Radeon RX 9070 XT 16GB";"106953";"4895106295919";
"32GB DDR5-6000 CL30 Kingston FURY Beast RGB -  2 x 16 GB";"106955";"0740617342895";
"64GB DDR5-6000 CL30 Kingston FURY Beast RGB -  2 x 32 GB";"106956";"0740617342819";
"AMD Ryzen 5 PRO 5655G - 6x 3.7GHz (Turbotakt bis 4.4GHz) RX Vega 7";"106977";"0730143317191";
"V1 (alt) - Plexus Ersatzlüfter - 120x120 - RGB - Schwarz #1";"106986";;
"AeroCool Viewport-Mini-BK-v2 Mini-Tower-Gehäuse";"106987";;
"MSI GeForce RTX 5060 8GB Shadow 2X OC";"106988";"4711377344234";
"Xilence XG172 ARGB XILENT BEAM Gaming Case Black";"106989";"4044953504082";
"Thermaltake TT-1425 A1425L12S 140mm Gehäuselüfter";"106990";;
"Corsair RS120 ARGB PWM Gehäuselüfter - 120 mm - schwarz";"106991";"0840006684138";
"Corsair FRAME 4000D RS ARGB - schwarz - inkl. 4x ARGB Lüfter";"106992";;
"Corsair FRAME 4000D RS ARGB - weiß - inkl. 4x ARGB Lüfter";"106993";;
"Corsair RS120 ARGB PWM Gehäuselüfter - 120 mm - weiß";"106994";;
"Gigabyte B850 AORUS ELITE WIFI7 ICE ATX AM5";"106995";"4719331866099";
"AMD Radeon RX 9060 XT 8GB GDDR6";"106996";;
"AMD Radeon RX 9060 XT 16GB GDDR6";"106997";;
"ASUS AMD Radeon RX 9070 XT TUF GAMING OC";"106998";"4711387829578";
"850W Corsair RMe Series RM850e 80 PLUS Gold Weiß";"107000";"0840006687078";
"ASUS Prime Radeon RX 9060 XT 16GB GDDR6 OC Edition";"107001";"4711387994214";
"Samsung Odyssey Smart G6 (G65B) WQHD 240Hz Gaming Monitor 27""";"107002";"8806094192599";
"Samsung Odyssey G7 (G70D) 4K UHD 144 Hz 1 ms Gaming Monitor 27""";"107003";"8806095723945";
"MSI MAG 321CQFDE E18 Gaming Monitor WQHD 180Hz 32"" Curved";"107008";"4711377320337";
"Gemischte Tüte";"107009";;
"Nvidia GeForce RTX 5050 8GB GDDR6 mit DLSS 4";"107010";;
"MSI MPG 321CURXDE QD-OLED 32 Zoll UHD 4K Gaming Monitor";"107011";"4711377159449";
"MSI MPG 321URXWDE QD-OLED 32 Zoll UHD 4K Gaming Monitor Weiß";"107012";"4711377266604";
"MSI MPG 271QRXDE QD-OLED 26,5 Zoll WQHD Gaming Monitor";"107013";"4711377159425";
"Corsair RS120 ARGB PWM Gehäuselüfter - 120 mm - schwarz - 600mm Kabel";"107014";"0840006684121";
"MSI MAG B850 TOMAHAWK MAX WIFI";"107015";"4711377290623";
"2TB M.2 SSD (NVMe) WD BLACK SN7100";"107016";"718037893211";
"ASUS PCE-AXE5400 - Netzwerkadapter - PCIe - Bluetooth 5.2, 802.11ax (Wi-Fi 6E)";"107017";"4711081764830";
"256GB Kingston DataTraveler Exodia M - USB 3.2 Gen 1";"107018";"0740617326383";
"MSI MAG MAG 274CQFDE  Esports-Gaming Monitor 69 cm (27 Zoll) WQHD Curved";"107019";"4711377252546";
"Alphacool Y-Splitter aRGB 3-Pin auf 3x 3-Pin 30cm";"107020";;
"Alphacool Lüfterkabel 4-Pin auf 4-Pin Verlängerung 30cm";"107021";;
"750W Corsair RMx Series RM750x 80 PLUS Gold ATX 3.1 PCIe5.1";"107023";"0840006676850";
"850W Corsair RMx Series RM850x 80 PLUS Gold ATX 3.1 PCIe5.1";"107025";"0840006667445";
"1000W Corsair RMx Series RM1000x 80 PLUS Gold ATX 3.1 PCIe5.1";"107028";"0840006667636";
"Corsair 3500X ARGB Tempered Glass Mid-Tower schwarz  inkl. 4x ARGB Lüfter";"107031";"0840006686057";
"500W MSI MAG A500N-H";"107032";"4711377366434";
"Be Quiet! LIGHT BASE 900 FX Black BGW71";"107033";"4260052191774";
"Be Quiet! LIGHT BASE 900 FX White BGW72";"107034";"4260052191781";
"Be Quiet! LIGHT BASE 600 LX Black BGW67";"107035";"4260052191736";
"Be Quiet! LIGHT BASE 600 LX White BGW68";"107036";"4260052191743";
"650W Be Quiet! SYSTEM POWER 11 M 80+ Gold";"107039";"4260052191989";
"750W Be Quiet! SYSTEM POWER 11 M 80+ Gold";"107040";"4260052191996";
"850W Be Quiet! SYSTEM POWER 11 M 80+ Gold";"107041";"4260052192009";
"450W Be Quiet! SYSTEM POWER 11 B 80+ Bronze";"107042";"4260052191897";
"650W Be Quiet! SYSTEM POWER 11 B 80+ Bronze";"107043";"4260052191903";
"750W Be Quiet! SYSTEM POWER 11 B 80+ Bronze";"107044";"4260052191910";
"750W Be Quiet! PURE POWER 13 M 80+ Gold";"107045";"4260052192184";
"850W Be Quiet! PURE POWER 13 M 80+ Gold";"107046";"4260052192191";
"1000W Be Quiet! PURE POWER 13 M 80+ Gold";"107047";"4260052192207";
"MSI GeForce RTX 5070 12GB Ventus 2x OC";"107051";"4711377308229";
"MSI MAG X870E TOMAHAWK WIFI - AM5 - DDR5";"107052";"4711377291927";
"ASUS GeForce RTX 5070 12GB Dual - OC Edition";"107056";"4711636046213";
"Alphacool Y-Splitter 4-Pin auf 3x 4-Pin PWM 30cm";"107057";"4250197186803";
"750W ASUS PRIME - 80 PLUS Gold";"107058";"4711387192962";
"1500W Corsair HXi Series HX1500i 80 PLUS Platinum";"107059";"0840440495901";
"Gigabyte B650M Gaming Plus Wifi  - AM5";"107065";"4719331862213";
"650W Gigabyte P650SS Netzteil 80+ Silver";"107068";"4719331554095";
"Gigabyte GeForce RTX 5060 WINDFORCE OC 8G";"107069";"4719331356323";
"16GB DDR5-6000 CL30 G.Skill Flare X5 - Non RGB - 1x16GB";"107070";"0";
"32GB DDR5-6000 CL30 G.Skill Flare X5 - Non RGB - 2x16GB";"107071";;
"16GB DDR5-6000 CL30 Corsair Vengeance RGB 1 x 16 GB";"107072";;
"32GB DDR5-6000 CL30 Corsair Vengeance RGB 2 x 16 GB";"107073";;
"Alphacool Y-Splitter 4-Pin auf 2x 4-Pin PWM 15cm";"107074";"4250197186766";
"1TB M.2 SSD (NVMe) Gen5 Samsung 9100 PRO";"107075";"8806095811628";
"2TB M.2 SSD (NVMe) Gen5 Samsung 9100 PRO";"107076";"8806095811710";
"1TB M.2 SSD (NVMe) Gen4 Samsung 990 EVO PLus";"107077";"8806095575674";
"2TB M.2 SSD (NVMe) Gen4 Samsung 990 EVO PLus";"107078";"8806095575650";
"2TB M.2 SSD (NVMe) Gen4 Samsung 990 PRO";"107079";"8806094215038";
"4TB M.2 SSD (NVMe) Gen4 Samsung 990 PRO";"107080";"8806094947205";
"ASUS A31 Plus TG ARGB Midi Tower - Black";"107083";"4711387808856";
"Gehäuselüfter Hub";"107084";;
"Inter-Tech IT-2815 Linear - Buisness Midi Tower";"107085";;
"1TB M.2 SSD (NVMe) PNY CS2150";"107088";"0751492792590";
"PNY GeForce RTX 5070 Ti ARGB EPIC-X RGB OC";"107091";"0751492794570";
"32GB DDR5-6000 CL30 PNY XLR8 Gaming RGB Kit - 2 x 16GB";"107092";"0751492794341";
"AMD Ryzen 5 9500F - 6x 3.8GHz (Turbotakt bis 5.0GHz)";"107094";;
"ASUS PRIME B850-Plus WIFI";"107096";"4711387931509";
"1000W Be Quiet! PURE POWER 12 M 80+ Gold";"107097";"4260052189504";
"ASUS PRIME H610M-D - DDR4 - LGA1700";"107098";;
"Gigabyte B850M Gaming X WIFI6E AM5";"107099";"4719331866433";
"Gigabyte GeForce RTX 5070 Windforce OC SFF 12GB";"107100";"4719331355715";
"750W Gigabyte UD750GM PG5 V2 80+ Gold";"107101";"4719331555870";
"Gigabyte GeForce RTX 5060 WINDFORCE MAX OC 8GB";"107102";"4719331356699";
"Sapphire Pure Radeon RX 7900 XT Weiss";"107104";"4895106296275";
"128GB DDR5-6000 CL32 G.Skill TZ5 Neo RGB Black - Kit - 2x 64GB";"107105";"4711549510689";
"128GB DDR5-6000 CL32 G.Skill Flare X5 - Non RGB - 2x64GB";"107106";"4711549510436";
"96GB DDR5-6000 CL30 G.Skill Flare X5 - Non RGB White - 2x48GB";"107107";"4713294237989";
"96GB DDR5-6000 CL30  Corsair Vengeance RGB - 2x48GB";"107108";"0840006676652";
"Asus PRIME AP202 TG ARGB BLACK";"107109";"4711636006521";
"Asus PRIME AP202 TG ARGB WHITE";"107110";"4711636006613";
"Be Quiet! LIGHT BASE 500 Black BGW83";"107115";"4260052193808";
"Be Quiet! LIGHT BASE 500 LX Black BGW85";"107116";"4260052193884";
"Be Quiet! LIGHT BASE 500 LX White BGW86";"107117";"4260052193891";
"1200W ASUS ROG Strix 80 PLUS Platinum";"107118";"4711387594247";
"1300W Gigabyte UD1300GM PG5 80+ Gold";"107119";"4719331553388";
"1300W MSI MEG Ai1300P PCIE5 80 PLUS Platinum";"107120";"4719072970260";
"1200W ASUS ROG Thor Platinum III";"107121";"4711387610442";
"Equip High Speed - HDMI-Kabel 3m";"107123";"4015867160305";
"Equip High Speed - HDMI-Kabel 5m";"107124";"4015867199404";
"Delock DisplayPort 1.4 - Kabel - 2m";"107125";"4043619856602";
"Delock DisplayPort 1.4 - Kabel - 3m";"107126";"4043619856619";
"Wasserkühlung Be Quiet! Light Loop 3 360mm - 3x120mm Lüfter Weiss";"107128";"4260052191156";
"Cooler Master MasterBox TD300 Mesh Zenchilli";"107129";"4719512132708";
"Zenchili Mauspad XL";"107130";;
"Gigabyte B760M DS3H WIFI6E - LGA1700";"107131";"4719331872809";
"ASUS Prime GeForce RTX 5060 Ti 8GB GDDR7";"107132";"4711387994207";
"Razer Cobra Black - Maus";"107133";"8886419334095";
"Razer Basilisk V3 X HyperSpeed - Kabellose Gaming Maus";"107134";"8886419334316";
"Razer Deathadder V4 Pro - Black";"107135";"8886419334743";
"Razer Viper V3 Pro - Black";"107136";"8886419334491";
"Razer BlackWidow V4 (Yellow Switches) - Gaming Tastatur";"107137";"8887910072554";
"Razer BlackWidow V4 (Green Switches) - Gaming Tastatur";"107138";"8887910072721";
"Razer Huntsman Mini (Red Switches) - Gaming Tastatur";"107139";"8886419347095";
"Razer Huntsman V3 Pro Tenkeyless - Gaming Tastatur";"107140";"8887910073377";
"Razer Ornata V3 - Gaming Tastatur";"107141";"8886419348689";
"Razer Kraken V4 X - Kabelgebunden - Gaming Headset";"107142";"8887910060766";
"Razer Barracuda X Black - Kabellos - Gaming Headset";"107143";"8886419379850";
"Razer Barracuda X Chroma Black - Kabellos";"107144";"8887910060834";
"Razer BlackShark V3 Pro - Black";"107145";"8887910061152";
"Razer BlackShark V3 X Hyperspeed - Black";"107146";"8887910061336";
"Razer Leviathan V2 X Soundbar";"107147";"8886419379645";
"Razer Wolverine V3 Pro für PC";"107148";"8887910082157";
"Razer Wolverine V3 Tournamend Ed. - Black";"107149";"8886419351450";
"Razer Serien V3 Chroma - Black";"107150";"8887910000441";
"Razer Seiren V3 Mini - Black";"107151";"8887910000380";
"Razer Kiyo Pro - USB Kamera";"107152";"8886419377146";
"Gigabyte AORUS B650E Stealth ICE - AM5";"107153";"4719331863777";
"Gainward GeForce RTX 5060 Ti 16GB Ghost OC GDDR7 DLSS4";"107155";"4710562245721";
"AMD Radeon AI PRO R9700 32GB GDDR6";"107156";"4895106297234";
"AMD Ryzen 5 7500X3D - 6x 4.0GHz (Turbotakt bis 4.6GHz)";"107157";;
"MSI X870E GAMING PLUS WIFI - AM5 - DDR5";"107160";"4711377347594";
"MSI PRO X870E-P WIFI - AM5 - DDR5";"107161";"4711377347600";
"MSI B850 Gaming Plus Wifi PZ AM5";"107162";"4711377365284";
"MSI PRO Z890-S WIFI PZ DDR5 - LGA1851";"107163";"4711377288996";
"MSI MAG PANO 110R PZ Mid Tower Schwarz";"107168";"4711377293181";
"MSI MAG PANO 110R PZ Mid Tower Weiß";"107169";"4711377293198";
"ASUS ROG Astral GeForce RTX 5080 OC Edition 16GB GDDR7";"107170";"4711387837917";
"ASUS ROG Astral GeForce RTX 5090 OC Edition 32GB GDDR7";"107171";"4711387890288";
"ASUS PRIME B860M-A WIFI DDR5 - LGA1851";"107172";"4711387806289";
"Gigabyte GeForce RTX 5090 AORUS MASTER ICE 32G OC";"107173";"4719331355906";
"AMD Ryzen 7 PRO 5755G - 8x 3.8GHz (Turbotakt bis 4.6GHz)";"107174";"0730143317047";
"Xilence A250PWM AMD-Prozessor - Luftkühler - XC035";"107176";"4044953500770";
"Xilence A250PWM AMD-Prozessor - Luftkühler - XC035";"107177";"4044953500770";
"Xilence A250PWM AMD-Prozessor - Luftkühler - XC035";"107178";"4044953500770";
"BlackFriday Paket";"107184";;
"1TB M.2 SSD (NVMe) WD Blue SN5100";"107192";"0718037906256";
"be quiet! Dark Mount Silent Linear, Gaming-Tastatur";"107196";"4260052192672";
"be quiet! Light Mount Silent Linear, Gaming-Tastatur";"107197";"4260052192573";
"650W Be Quiet! PURE POWER 13 M 80+ Gold";"107201";"4260052193051";
"1TB M.2 SSD (NVMe) WD_BLACK SN8100";"107202";"0619659220884";
"2TB M.2 SSD (NVMe) WD_BLACK SN8100";"107203";"0619659220860";
"4TB M.2 SSD (NVMe) WD_BLACK SN8100";"107204";"0619659220891";
